input,output
teacherdesigned,teacher designed
genericname,generic name
winnertakeall,winner take all
studentname,student name
driveless,drivel ess
teachername,teacher name
propername,proper name
bestlaid,best laid
genericschool,generic school
schoolname,school name
winnertakesall,winner take sal l
elctoral,electoral
eletoral,electoral
genericcity,generic city
elctors,electors
venuse,Venus e
blimplike,blimp like
selfdriving,self driving
electorals,electoral s
nearrecord,near record
egyptianstyle,Egyptian style
oddnumbered,odd number Ed
carintensive,car intensive
elecoral,electoral
oction,action
electroal,electro al
evennumbered,even number Ed
mesalandforms,mesal and form s
electoralvote,electoral vote
relativename,relative name
22euro,22euro
ellectoral,el lector al
thirtyplus,thirty plus
collegewon,college won
hisher,hish er
teacherbased,teacher based
computeranimated,computer animated
canadidate,Cana did ate
studentbased,student based
gorethanks,gore thanks
clouddraped,cloud drape d
edgarsnyder,Edgar sny de r
emotionrecognition,emotion recognition
landfrom,land from
fivedays,five days
electoal,electoral
lanform,lan form
electral,Electra l
presidentbut,president but
teacherassigned,teacher assigned
beacuas,beaches
positionestimating,position es Tim at ing
selfeducation,self education
diverless,diver less
computerdriven,computer driven
outofcontrol,out of control
faultthe,fault the
unfairoutdated,unfair outdated
aviods,avoids
momdad,monday
statesbig,state big
presidentswing,president swing
inconclusion,inconclusion
handsonlearning,hand son learning
electroral,electro ra l
carowner,car owner
elecotral,electoral
studentassigned,student assigned
collegefive,college five
presidant,president
unfairoutdatedand,unfair outdated and
nixonjimmy,nix on jimmy
canadates,canada te s
tabletennis,tablet en ni s
himher,him her
studentsummerpacketdesigners,student summer packet designer s
studentdesign,student design
limting,lim ting
electrol,electro l
campaignto,campaign to
presendent,president
thezebra,the zebra
landformation,land formation
eyetoeye,eye toe ye
selfreliance,self reliance
studentdriven,student driven
winnertake,winner take
alliens,al lien s
2000but,2000but
electionto,election to
candidatesas,candidate sa s
electers,elect ers
winnertakes,winner take s
isfeet,is fee t
incar,Inca r
covid19,covid19
aflcio,calcio
outdatedand,outdated and
httpswww,httpwww
51998,51998
iswing,is wing
ascertainments,ascertainment s
athome,at home
risorius,risorius
votes538,votes538
41971,41971
palpabraeus,palp Ab ra eu s
figurelandform,figure land form
possibleit,possible it
takeall,take all
inschool,in school
fouces,fou ce s
presidentand,president and
elecotrs,electors
formationwhich,formation which
electorswho,elector who
presidnt,president
eletors,electors
sinceraly,since ra ly
emotionshappiness,emotion shap pine s
carterbob,carter bob
donÃ£Ã¢t,donã£ã¢t
eyesnose,eye nose
smartroad,smart road
systemvoters,system voter s
emtions,em ti ons
statedemocrats,state democrat s
lowcar,low car
elcetoral,el ce toral
expressivefor,expressive for
animails,ani mail s
oppertonuty,oppertonuty
tempetures,Tempe tur es
recevies,re ce vie s
twoseat,two seat
consistution,consist ut ion
horsesyoung,horse young
semidriverless,semi driverless
presisdent,president
exspression,ex pression
valcanoes,Val canoe s
actiry,action
lifejust,life just
selfreliant,self reliant
comcaraccidentcauseofaccidentcellphonecellphonestatistics,comcaraccidentcauseofaccidentcellphonecellphonestatistics
vaubangermany,vau banger many
fourtyfour,fourtyfour
atomspheric,atom spheric
mid1990,mid1990
activitis,activities
paragrpah,paragraph
electora,elector a
elcetion,el ceti on
stressfree,stress free
seegoing,see going
coferencing,conferencing
ctrdot,cdot
segoing,sego ing
teacherdesign,teacher design
kidsteens,Kids teens
elcetors,el ce tor s
poulltion,po ull ti on
surportive,supportive
presisent,president
technollogy,tech noll Og y
precidency,presidency
voteswhile,vote while
headformed,head formed
swingstates,swing state s
candates,cand ates
locationname,location name
venuss,Venus s
astronmers,ast Ron Mer s
democtratic,democratic
canadent,Cana dent
cyndonia,cyndonia
computure,computer
nasas,na sa s
onehalf,one half
preident,president
ressons,re sons
presidentvice,president vice
nonswing,non swing
thirtyeight,thirty eight
processnot,process not
facetoface,facet of ace
teendriversource,teen driver source
sadnessand,sadness and
abloish,Ab Lois h
driveing,drive ing
navagating,na vag at ing
electorsthe,elector st he
vothing,nothing
callage,Calla ge
senseit,sense it
mercedesbenz,Mercedes ben z
electorall,electoral l
